{
    "categories": [
        {
            "id": 1,"title": "t-shirt", "images": "./assets/images/categogries/t-shirt.jpg"
        },
        {
            "id": 2,"title": "Outerwear", "images": "./assets/images/categogries/outerweear.jpg"
        },
        {
            "id": 3,"title": "Sport Utility Wear", "images": "./assets/images/categogries/sport.jpg"
        },
        {
            "id": 4,"title": "dresses", "images": "./assets/images/categogries/dresses.jpg"
        },
        {
            "id": 7,"title": "Down", "images": "./assets/images/categogries/down.jpg"
        },
        {
            "id": 8,"title": "bottoms", "images": "./assets/images/categogries/bottoms.jpg"
        },
        {
            "id": 9,"title": "sweater", "images": "./assets/images/categogries/sweater.jpg"
        },
        {
            "id": 10,"title": "Shirts & Blouses", "images": "./assets/images/categogries/shirt.jpg"
        }
    ],
    "products":[
        {
            "id": 1,
            "name": "Warm Padded Quilted Jacket",
            "price": 62.33,
            "categories": 1,
            "images": "./assets/images/product/sp1.jpg",
            "recommended": true,
            "new": 0,
            "hot": 0,
            "sale": 0,
            "salePrice": 42.33,
            "description": ""
        },
        {
            "id": 2,
            "name": "Mermaid Skirt",
            "price": 62.33,
            "categories": 1,
            "images": "./assets/images/product/sp2.jpg",
            "recommended": true,
            "new": 0,
            "hot": 0,
            "sale": 0,
            "salePrice": 42.33,
            "description": ""

        },
        {
            "id": 3,
            "name": "Warm Padded Quilted Jacket",
            "price": 62.33,
            "categories": 1,
            "images": "./assets/images/product/sp3.jpg",
            "recommended": true,
            "new": 0,
            "hot": 0,
            "sale": 0,
            "salePrice": 42.33,
            "description": ""
        },
        {
            "id": 4,
            "name": "Warm Padded Quilted Jacket",
            "price": 62.33,
            "categories": 1,
            "images": "./assets/images/product/sp4.jpg",
            "recommended": true,
            "new": 0,
            "hot": 0,
            "sale": 0,
            "salePrice": 42.33,
            "description": ""
        },
        {
            "id": 5,
            "name": "Warm Padded Quilted Jacket",
            "price": 62.33,
            "categories": 1,
            "images": "./assets/images/product/sp5.jpg",
            "recommended": true,
            "new": 0,
            "hot": 0,
            "sale": 0,
            "salePrice": 42.33,
            "description": ""
        },
        {
            "id": 6,
            "name": "Warm Padded Quilted Jacket",
            "price": 62.33,
            "categories": 1,
            "images": "./assets/images/product/sp6.jpg",
            "recommended": true,
            "new": 0,
            "hot": 0,
            "sale": 0,
            "salePrice": 42.33,
            "description": ""
        },
        {
            "id": 7,
            "name": "Warm Padded Quilted Jacket",
            "price": 62.33,
            "categories": 1,
            "images": "./assets/images/product/sp7.jpg",
            "recommended": false,
            "new": 0,
            "hot": 0,
            "sale": 0,
            "salePrice": 42.33,
            "description": ""
        },
        {
            "id": 8,
            "name": "Warm Padded Quilted Jacket",
            "price": 62.33,
            "categories": 1,
            "images": "./assets/images/product/sp8.jpg",
            "recommended": false,
            "new": 0,
            "hot": 0,
            "sale": 1,
            "salePrice": 42.33,
            "description": "Everyday clothing reimagined with innovative materials and contemporary fits."
        },
        {
            "id": 9,
            "name": "Warm Padded Quilted Jacket",
            "price": 62.33,
            "categories": 1,
            "images": "./assets/images/product/sp9.jpg",
            "recommended": false,
            "new": 0,
            "hot": 0,
            "sale": 1,
            "salePrice": 42.33,
            "description": ""
        },
        {
            "id": 10,
            "name": "Warm Padded Quilted Jacket",
            "price": 62.33,
            "categories": 1,
            "images": "./assets/images/product/sp10.jpg",
            "recommended": false,
            "new": 0,
            "hot": 0,
            "sale": 1,
            "salePrice": 42.33,
            "description": ""
        },
        {
            "id": 11,
            "name": "Warm Padded Quilted Jacket",
            "price": 62.33,
            "categories": 1,
            "images": "./assets/images/product/sp11.jpg",
            "recommended": false,
            "new": 0,
            "hot": 0,
            "sale": 1,
            "salePrice": 42.33,
            "description": ""
        },
        {
            "id": 12,
            "name": "Warm Padded Quilted Jacket",
            "price": 62.33,
            "categories": 1,
            "images": "./assets/images/product/sp12.jpg",
            "recommended": false,
            "new": 0,
            "hot": 0,
            "sale": 1,
            "salePrice": 42.33,
            "description": ""
        },
        {
            "id": 13,
            "name": "Warm Padded Quilted Jacket",
            "price": 62.33,
            "categories": 1,
            "images": "./assets/images/product/sp13.jpg",
            "recommended": false,
            "new": 0,
            "hot": 0,
            "sale": 1,
            "salePrice": 42.33,
            "description": ""
        },
        {
            "id": 14,
            "name": "Warm Padded Quilted Jacket",
            "price": 62.33,
            "categories": 1,
            "images": "./assets/images/product/sp14.jpg",
            "recommended": false,
            "new": 0,
            "hot": 0,
            "sale": 1,
            "salePrice": 42.33,
            "description": ""
        },
        {
            "id": 15,
            "name": "Warm Padded Quilted Jacket",
            "price": 62.33,
            "categories": 1,
            "images": "./assets/images/product/sp15.jpg",
            "recommended": false,
            "new": 1,
            "hot": 0,
            "sale": 1,
            "salePrice": 42.33,
            "description": "The seamless structure blocks cold wind to keep warmth in"
        },
        {
            "id": 16,
            "name": "Warm Padded Quilted Jacket",
            "price": 62.33,
            "categories": 1,
            "images": "./assets/images/product/sp16.jpg",
            "recommended": false,
            "new": 1,
            "hot": 0,
            "sale": 1,
            "salePrice": 42.33,
            "description": "The seamless structure blocks cold wind to keep warmth in"
        },
        {
            "id": 17,
            "name": "Warm Padded Quilted Jacket",
            "price": 62.33,
            "categories": 1,
            "images": "./assets/images/product/sp17.jpg",
            "recommended": false,
            "new": 1,
            "hot": 0,
            "sale": 1,
            "salePrice": 42.33,
            "description": "The seamless structure blocks cold wind to keep warmth in"
        },
         {
            "id": 18,
            "name": "Warm Padded Quilted Jacket",
            "price": 62.33,
            "categories": 1,
            "images": "./assets/images/product/sp18.jpg",
            "recommended": false,
            "new": 1,
            "hot": 0,
            "sale": 1,
            "salePrice": 42.33,
            "description": "The seamless structure blocks cold wind to keep warmth in"
        },
        {
            "id": 19,
            "name": "Warm Padded Quilted Jacket",
            "price": 62.33,
            "categories": 1,
            "images": "./assets/images/product/sp19.jpg",
            "recommended": false,
            "new": 1,
            "hot": 0,
            "sale": 1,
            "salePrice": 42.33,
            "description": "The seamless structure blocks cold wind to keep warmth in"
        },
         {
            "id": 20,
            "name": "Warm Padded Quilted Jacket",
            "price": 62.33,
            "categories": 1,
            "images": "./assets/images/product/sp20.jpg",
            "recommended": false,
            "new": 1,
            "hot": 0,
            "sale": 1,
            "salePrice": 42.33,
            "description": "The seamless structure blocks cold wind to keep warmth in"
        },
         {
            "id": 21,
            "name": "Warm Padded Quilted Jacket",
            "price": 62.33,
            "categories": 1,
            "images": "./assets/images/product/sp21.jpg",
            "recommended": false,
            "new": 1,
            "hot": 0,
            "sale": 1,
            "salePrice": 42.33,
            "description": "The seamless structure blocks cold wind to keep warmth in"
        }
    ]


}